{
    "type": "application",
    "source-directories": [
        "."
    ],
    "elm-version": "0.19.1",
    "dependencies": {
        "direct": {
            "cmditch/elm-bigint": "2.0.1",
            "elm/core": "1.0.2",
            "elm/json": "1.1.3",
            "elm/regex": "1.0.0",
            "elm-community/json-extra": "4.0.0",
            "elm-community/maybe-extra": "5.2.0",
            "elm-community/result-extra": "2.2.1",
            "elm-community/string-extra": "4.0.1"
        },
        "indirect": {
            "elm/parser": "1.1.0",
            "elm/time": "1.0.0",
            "elm-community/list-extra": "8.2.2",
            "rtfeldman/elm-hex": "1.0.0",
            "rtfeldman/elm-iso8601-date-strings": "1.1.3"
        }
    },
    "test-dependencies": {
        "direct": {
            "elm-explorations/test": "1.2.1"
        },
        "indirect": {
            "elm/html": "1.0.0",
            "elm/random": "1.0.0",
            "elm/virtual-dom": "1.0.2"
        }
    }
}
